title,author,price,ptime,publisher,edition,category1,category2
活着,余华,20,2012,作家出版社,平装,文学,小说
文城,余华,59,2021,北京十月文艺出版社,精装,文学,小说
克拉拉与太阳,石黑一雄,68,2021,上海译文出版社,精装,文学,小说
白夜行,东野圭吾,39,2013,南海出版公司,精装,文学,小说
字母表谜案,大山诚一郎,42,2021,河南文艺出版社,平装,文学,小说
房思琪的初恋乐园,大山诚一郎,42,2021,北京联合出版公司,平装,文学,小说
暗夜与黎明,肯·福莱特,118,2021,江苏凤凰文艺出版社,平装,文学,小说
红楼梦,曹雪芹,59,1996,人民文学出版社,平装,文学,小说
追风筝的人,曹雪芹,59,1996,上海人民出版社,平装,文学,小说
百年孤独,曹雪芹,59,1996,南海出版公司,平装,文学,小说
小王子,马振聘,22,2003,人民文学出版社,平装,文学,小说
1984,马振聘,22,2003,北京十月文艺出版社,平装,文学,小说
夜晚的潜水艇,陈春成,52,2020,上海三联书店,精装,文学,小说
解忧杂货店,李盈春,39,2014,南海出版公司,精装,文学,小说
蛤蟆先生去看心理医生,罗伯特·戴博德,38,2020,天津人民出版社,平装,文学,小说
杏仁,孙元平,39,2019,民主与建设出版社,平装,文学,小说
局外人,柳鸣九,22,2010,上海译文出版社,精装,文学,小说
霍乱时期的爱情,加西亚·马尔克斯,39,2012,南海出版公司,精装,文学,小说
许三观卖血记,加西亚·马尔克斯,39,2012,作家出版社,精装,文学,小说
杀死一只知更鸟,高红梅,32,2012,译林出版社,精装,文学,小说
百年孤独,高红梅,32,2012,南海出版公司,精装,文学,小说
1984,石黑一雄,68,2021,北京十月文艺出版社,精装,文学,小说
追风筝的人,石黑一雄,68,2021,上海人民出版社,精装,文学,小说
飘,李美华,40,2000,译林出版社,精装,文学,小说
月亮与六便士,威廉·萨默塞特·毛姆,39,2017,浙江文艺出版社,平装,文学,小说
星之继承者,詹姆斯·P.霍根,58,2021,新星出版社,精装,文学,小说
傲慢与偏见,张玲,13,1993,人民文学出版社,平装,文学,小说
哈利·波特,J.K.罗琳,498,2008,人民文学出版社,精装,文学,小说
动物农场,荣如德,10,2007,上海译文出版社,平装,文学,小说
月亮和六便士,荣如德,10,2007,上海译文出版社,平装,文学,小说
献给阿尔吉侬的花束,丹尼尔·凯斯,36,2015,广西师范大学出版社,平装,文学,小说
巨人的陨落,肯·福莱特,129,2016,江苏凤凰文艺出版社,平装,文学,小说
巴黎评论·女性作家访谈,美国《巴黎评论》编辑部,65,2021,人民文学出版社,平装,文学,小说
牧羊少年奇幻之旅,保罗·柯艾略,25,2009,南海出版公司,精装,文学,小说
数星星的夜,尹东柱,68,2021,江苏凤凰文艺出版社,精装,文学,小说
你当像鸟飞往你的山,塔拉·韦斯特弗,59,2019,南海出版公司,精装,文学,小说
房思琪的初恋乐园,余华,59,2021,北京联合出版公司,精装,文学,小说
撒哈拉的故事,柳鸣九,22,2010,哈尔滨出版社,精装,文学,小说
海上传奇：中华海洋文明发展通史,马骏杰,120,2021,北京燕山出版社,精装,文学,小说
云边有个小卖部,张嘉佳,42,2018,湖南文艺出版社,平装,文学,小说
许三观卖血记,张嘉佳,42,2018,作家出版社,平装,文学,小说
平凡的世界,路遥,79,2012,北京十月文艺出版社,平装,文学,小说
撒哈拉的故事,路遥,79,2012,哈尔滨出版社,平装,文学,小说
我们仨,路遥,79,2012,生活·读书·新知三联书店,平装,文学,小说
沉默的大多数,路遥,79,2012,中国青年出版社,平装,文学,小说
持续做一个深情的人,林清玄,46,2018,北京时代华文书局,平装,文学,小说
目光,陶勇,49,2020,百花洲文艺出版社,平装,文学,小说
朝花夕拾,鲁迅,0,1972,人民文学出版社,平装,文学,小说
浮生六记,沈复,5,1999,人民文学出版社,平装,文学,小说
看见,柴静,39,2013,广西师范大学出版社,平装,文学,小说
在峡江的转弯处,陈行甲,48,2021,人民日报出版社,平装,文学,小说
我与地坛,陈行甲,48,2021,春风文艺出版社,平装,文学,小说
送你一颗子弹,陈行甲,48,2021,上海三联书店,平装,文学,小说
远道苍苍,刘怀宇,48,2021,重庆出版社,平装,文学,小说
当我谈跑步时我谈些什么,刘怀宇,48,2021,南海出版公司,平装,文学,小说
圆圈正义,罗翔,46,2019,中国法制出版社,平装,文学,小说
北野武的小酒馆,姜向明,45,2017,雅众文化/新星出版社,精装,文学,小说
碎片,埃莱娜·费兰特,69,2020,人民文学出版社,平装,文学,小说
皮囊,蔡崇达,39,2014,天津人民出版社,精装,文学,小说
人间草木,蔡崇达,39,2014,江苏文艺出版社,精装,文学,小说
江城,李雪顺,36,2012,上海译文出版社,平装,文学,小说
做一个清醒的现代人,刘擎,68,2021,湖南文艺出版社,平装,文学,小说
三体全集,刘慈欣,168,2012,重庆出版社,精装,文学,小说
平凡的世界（全三部）,刘慈欣,168,2012,人民文学出版社,精装,文学,小说
远方旅人,唐洬,89,2020,青岛出版社,平装,文学,小说
围城,钱钟书,39,1991,人民文学出版社,精装,文学,小说
白鹿原,陈忠实,39,2012,人民文学出版社,精装,文学,小说
呐喊,鲁迅,0,1973,人民文学出版社,平装,文学,小说
明朝那些事儿（1-9）,鲁迅,0,1973,中国海关出版社,平装,文学,小说
骆驼祥子,老舍,12,2000,人民文学出版社,平装,文学,小说
边城,老舍,12,2000,北岳文艺出版社,平装,文学,小说
黄金时代,老舍,12,2000,花城出版社,平装,文学,小说
月光落在左手上,尹东柱,68,2021,广西师范大学出版社,精装,文学,儿童文学
飞鸟集,徐翰林,16,2004,哈尔滨出版社,平装,文学,儿童文学
诗经,徐翰林,16,2004,北京出版社,平装,文学,儿童文学
二十首情诗和一首绝望的歌,陈黎,39,2014,南海出版公司,精装,文学,儿童文学
张枣诗文集,张枣,218,2021,四川文艺出版社,平装,文学,儿童文学
海子的诗,海子,15,1999,人民文学出版社,平装,文学,儿童文学
在光与万物背后,马蒂亚斯·波利蒂基,65,2021,未读·贵州人民出版社,精装,文学,儿童文学
野草,鲁迅,0,1973,人民文学出版社,平装,文学,儿童文学
兰波评传,伊夫·博纳富瓦,78,2021,上海社会科学院出版社,平装,文学,儿童文学
万物静默如谜,维斯拉瓦·辛波斯卡,48,2016,湖南文艺出版社,精装,文学,儿童文学
天是真的,陈雨吟,68,2021,百花洲文艺出版社,精装,文学,儿童文学
荒原,T·S·艾略特,45,2012,上海译文出版社,精装,文学,儿童文学
大山里的小诗人,“是光”的孩子们,49,2020,江苏凤凰文艺出版社,方脊平装,文学,儿童文学
给青年诗人的信,冯至,29,2015,雅众文化/云南人民出版社,平装,文学,儿童文学
恶之花,冯至,29,2015,人民文学出版社,平装,文学,儿童文学
云雀叫了一整天,木心,30,2009,广西师范大学出版社,精装,文学,儿童文学
唐诗三百首,蘅塘退士,0,1998,中华书局,平装,文学,儿童文学
诗人十四个,黄晓丹,52,2019,北京联合出版公司,精装,文学,儿童文学
直到世界反映了灵魂最深层的需要,露易丝·格丽克,65,2016,上海人民出版社,精装,文学,儿童文学
窗边的小豆豆,黑柳彻子 著,20,2003,南海出版公司,平装,文学,儿童文学
草房子,黑柳彻子 著,20,2003,江苏少年儿童出版社,平装,文学,儿童文学
城南旧事,黑柳彻子 著,20,2003,中国青年出版社,平装,文学,儿童文学
小狗钱钱,博多·舍费尔,20,2009,南海出版公司,平装,文学,儿童文学
安徒生童话故事集,安徒生,25,1997,人民文学出版社,精装,文学,儿童文学
来不及说再见的青春,钟楚曦,59,2021,长江出版社,平装,文学,儿童文学
格林童话全集,格林兄弟,21,1994,人民文学出版社,精装,文学,儿童文学
每一天都是爱你的一天,莉兹·克里莫,49,2021,山东文艺出版社,平装,文学,儿童文学
夏洛的网,莉兹·克里莫,49,2021,上海译文出版社,平装,文学,儿童文学
我亲爱的甜橙树,蔚玲,19,2010,天天出版社,平装,文学,儿童文学
有书真好啊,宫崎骏,49,2021,南海出版公司,精装,文学,儿童文学
一千零一夜,纳训,22,2003,人民文学出版社,平装,文学,儿童文学
柳林风声,肯尼斯·格雷厄姆,98,2012,中国城市出版社,精装,文学,儿童文学
绿山墙的安妮,肯尼斯·格雷厄姆,98,2012,浙江文艺出版社,精装,文学,儿童文学
海的女儿,肯尼斯·格雷厄姆,98,2012,上海译文出版社,精装,文学,儿童文学
长袜子皮皮,李之义,17,1999,中国少年儿童出版社,精装,文学,儿童文学
孩子们的诗,果麦,68,2017,浙江文艺出版社,精装,文学,儿童文学
王尔德童话,王林,6,2003,译林出版社,精装,文学,儿童文学
沉默的大多数,王林,6,2003,中国青年出版社,精装,文学,儿童文学
一只特立独行的猪,王小波,35,2017,北京十月文艺出版社,精装,文学,儿童文学
声誉,唐诺,58,2021,广西师范大学出版社,平装,文学,杂文
坟,鲁迅,16,2006,人民文学出版社,平装,文学,杂文
我的个天,戴建业,59,2021,上海文艺出版社,无线胶装,文学,杂文
我想做一个能在你的葬礼上描述你一生的人,贾平凹,36,2017,台海出版社,平装,文学,杂文
热风,鲁迅,9,2006,人民文学出版社,平装,文学,杂文
六里庄遗事,东东枪,78,2019,上海三联书店,精装,文学,杂文
鲁迅杂文集,东东枪,78,2019,天津人民出版社,精装,文学,杂文
我的精神家园,王小波,39,2017,北京十月文艺出版社,精装,文学,杂文
华盖集,鲁迅,39,1973,人民文学出版社,平装,文学,杂文
一只特立独行的猪,鲁迅,39,1973,北方文艺出版社,平装,文学,杂文
而已集,鲁迅,39,1973,人民文学出版社,平装,文学,杂文
血酬定律,吴思,23,2003,中国工人出版社,平装,文学,杂文
我的精神家园,吴思,23,2003,文化艺术出版社,平装,文学,杂文
四个春天,陆庆屹,49,2019,南海出版公司,平装,文学,杂文
常识,陆庆屹,49,2019,广西师范大学出版社,平装,文学,杂文
我所理解的生活,陆庆屹,49,2019,浙江文艺出版社,平装,文学,杂文
彷徨,鲁迅,14,1973,人民文学出版社,平装,文学,杂文
故事新编,鲁迅,14,1973,人民文学出版社,平装,文学,杂文
狂人日记,鲁迅,14,1973,京华出版社,平装,文学,杂文
阿Q正传,鲁迅,14,2003,上海书店出版社,平装,文学,杂文
鲁迅全集,鲁迅,388,2014,同心出版社,精装,文学,杂文
中国小说史略,鲁迅,12,1998,上海古籍出版社,平装,文学,杂文
鲁迅杂文集,鲁迅,12,1998,天津人民出版社,平装,文学,杂文
鲁迅的饭局,薛林荣,72,2021,广西师范大学出版社,精装,文学,杂文
无法直面的人生,王晓明,79,2021,生活·读书·新知三联书店,精装,文学,杂文
不能承受的生命之轻,许钧,29,2010,上海译文出版社,平装,文学,杂文
不能承受的生命之轻,米兰·昆德拉,46,2014,上海译文出版社,精装,文学,米兰昆德拉
生活在别处,米兰·昆德拉,45,2014,上海译文出版社,精装,文学,米兰昆德拉
笑忘录,米兰·昆德拉,55,2019,上海译文出版社,精装,文学,米兰昆德拉
不朽,米兰·昆德拉,24,2003,上海译文出版社,平装,文学,米兰昆德拉
米兰·昆德拉：一种作家人生,布里埃,68,2021,雅众文化 | 南京大学出版社,精装,文学,米兰昆德拉
生命中不能承受之轻,韩少功,2,1987,作家出版社,平装,文学,米兰昆德拉
生活在别处,韩少功,2,1987,上海译文出版社,平装,文学,米兰昆德拉
玩笑,蔡若明,32,2011,上海译文出版社,平装,文学,米兰昆德拉
小说的艺术,米兰·昆德拉,45,2019,上海译文出版社,精装,文学,米兰昆德拉
好笑的爱,昆德拉,20,2004,上海译文出版社,平装,文学,米兰昆德拉
不朽,米兰·昆德拉,49,2015,上海译文出版社,精装,文学,米兰昆德拉
庆祝无意义,米兰·昆德拉,30,2014,上海译文出版社,精装,文学,米兰昆德拉
被背叛的遗嘱,昆德拉,17,2003,上海译文出版社,平装,文学,米兰昆德拉
笑忘录,王东亮,21,2004,上海译文出版社,平装,文学,米兰昆德拉
慢,米兰·昆德拉,30,2014,上海译文出版社,精装,文学,米兰昆德拉
引爆流行,钱清,18,2002,中信出版社,平装,流行,漫画
流行体系,敖军,18,2000,上海人民出版社,平装,流行,漫画
引爆点,钱清,29,2006,中信出版社,平装16开,流行,漫画
引爆流行,德里克·汤普森,68,2019,中信出版集团,精装,流行,漫画
一见你就好心情,莉兹·克里莫,68,2019,天津人民出版社,精装,流行,漫画
盛夏的樱花树,莉兹·克里莫,68,2019,汕头大学出版社,精装,流行,漫画
清明上河图密码4,莉兹·克里莫,68,2019,北京联合出版公司,精装,流行,漫画
天青色等烟雨,方文山,45,2019,湖南文艺出版社,平装,流行,漫画
七根凶简3,尾鱼,39,2018,中国友谊出版公司,平装,流行,漫画
七根凶简·大结局,尾鱼,39,2018,中国友谊出版公司,平装,流行,漫画
整形日本,尾鱼,39,2018,山东人民出版社,平装,流行,漫画
小舍得,鲁引弓,49,2018,广东花城出版社,平装,流行,漫画
正常人,萨莉·鲁尼,49,2020,上海译文出版社,平装,流行,漫画
世界文化名人文库（上下册）,萨莉·鲁尼,49,2020,中国广播电视出版社,平装,流行,漫画
The Tipping Point,萨莉·鲁尼,49,2020,Back Bay Book,平装,流行,漫画
想见你,简奇峰,49,2020,浙江人民出版社,平装,流行,漫画
你今天真好吃,莉兹·克里莫,39,2020,山东文艺出版社,平装,流行,漫画
荒村公寓~蔡骏经典悬疑小说系列,莉兹·克里莫,39,2020,北京联合出版公司,平装,流行,漫画
柔软的刺猬：自我疗愈的内在力量,凯特·艾伦,59,2021,人民邮电出版社,软精装,流行,漫画
美丽黑暗,法比安·韦尔曼,88,2021,后浪丨中国纺织出版社,精装,流行,漫画
现实主义者,阿萨夫·哈努卡,138,2021,后浪丨广东旅游出版社,精装,流行,漫画
100天后会死的鳄鱼君,菊池祐纪,45,2020,接力出版社,平装,流行,漫画
生活蒙太奇,天然,45,2020,湖南文艺出版社,平装,流行,漫画
旋涡 （全2册）,伊藤润二,99,2020,新星出版社,平装,流行,漫画
纳闷集,匡扶,78,2020,雅众文化 | 湖南文艺出版社,平装,流行,漫画
你今天真好看,克里莫,39,2015,雅众文化/天津人民出版社,平装,流行,漫画
灯塔,吕俊君,128,2016,北京联合出版公司,软精装,流行,漫画
OPUS 作品,今敏,88,2019,北京联合出版公司,平装,流行,漫画
黑睡莲,米歇尔·普西,108,2021,四川美术出版社,精装,流行,漫画
梦晕,藤本理,88,2021,新星出版社,精装,流行,漫画
不方便，但很幸福,洪渊植,84,2020,后浪丨湖南美术出版社,平装,流行,漫画
3秒,马克-安托万·马修,72,2019,湖南美术出版社,精装,流行,漫画
半小时漫画中国史（修订版）,二混子,39,2017,江苏凤凰文艺出版社,平装,流行,漫画
缅甸小日子,盖·德利斯勒,62,2020,后浪丨湖南美术出版社,平装,流行,悬疑
進擊的巨人 01,諫山創,95,2011,東立出版社,平装,流行,悬疑
非平面,尼克·索萨尼斯,60,2018,后浪丨北京联合出版公司,平装,流行,悬疑
长歌行 01,尼克·索萨尼斯,60,2018,新世纪出版社,平装,流行,悬疑
沉默的病人,亚历克斯·麦克利兹,45,2020,河南文艺出版社,平装,流行,悬疑
嫌疑人X的献身,刘子倩,28,2008,南海出版公司,精装,流行,悬疑
绝叫,叶真中显,58,2020,北京联合出版公司,平装,流行,悬疑
生吞,郑执,42,2017,浙江文艺出版社,平装,流行,悬疑
默读,Priest,45,2018,百花洲文艺出版社,平装,流行,悬疑
关于那个人的备忘录,小林泰三,45,2021,新星出版社,平装,流行,悬疑
恶意,娄美莲,18,2009,南海出版公司,平装,流行,悬疑
恶意,娄美莲,39,2016,南海出版公司,精装,流行,悬疑
19年间谋杀小叙,那多,59,2018,人民文学出版社,精装,流行,悬疑
无人生还,阿加莎·克里斯蒂,28,2013,新星出版社,平装,流行,悬疑
福尔摩斯探案全集（上中下）,丁钟华,68,1981,群众出版社,平装/精装,流行,悬疑
东方快车谋杀案,陈尧光,18,2006,人民文学出版社,平装,流行,悬疑
夏天、烟火和我的尸体,乙一,45,2019,南海出版公司,精装,流行,悬疑
长夜难明,紫金陈,42,2017,云南人民出版社,平装,流行,悬疑
罗杰疑案,阿加莎·克里斯蒂,28,2013,新星出版社,平装,流行,悬疑
盗墓笔记,南派三叔,19,2008,上海文化出版社,平装,流行,悬疑
消失的13级台阶,高野和明,42,2020,上海文艺出版社,平装,流行,悬疑
桶川跟踪狂杀人事件,清水洁,45,2021,后浪丨四川人民出版社,平装,流行,悬疑
心灵侦探城塚翡翠,相泽沙呼,79,2021,人民文学出版社,精装,流行,悬疑
13 67,陳浩基,350,2014,皇冠,平装,流行,悬疑
克莱因壶,冈岛二人,48,2019,化学工业出版社,平装,流行,悬疑
白夜行,刘姿君,29,2008,南海出版公司,平装,流行,悬疑
告白,凑佳苗,36,2016,湖南文艺出版社,精装,流行,耽美
新参者,东野圭吾,39,2016,南海出版公司,精装,流行,耽美
ZOO,李颖秋,20,2007,当代世界出版社,平装,流行,耽美
撒野,巫哲,45,2018,北京联合出版公司,平装,流行,耽美
天涯客,Priest,240,2014,蘊藏文化股份有限公司,平装,流行,耽美
天涯客（下册）,Priest,240,2014,蘊藏文化股份有限公司,平装,流行,耽美
某某,木苏里,49,2020,江苏凤凰文艺出版社,平装,流行,耽美
我等你到三十五岁,木苏里,49,2020,江苏凤凰文艺出版社,平装,流行,耽美
破云,淮上,49,2019,江苏凤凰文艺出版社,平装,流行,耽美
海棠微雨共归途,肉包不吃肉,49,2020,广东旅游出版社,平装,流行,耽美
杀破狼,Priest,149,2020,湖南文艺出版社,平装,流行,耽美
全球高考,木苏里,180,2020,北京燕山出版社,平装,流行,耽美
将进酒,唐酒卿,68,2020,江苏凤凰文艺出版社,平装,流行,耽美
伪装学渣,木瓜黄,39,2019,北京时代华文书局,平装,流行,耽美
殺破狼,Priest,1200,2016,龍馬文化,平装,流行,耽美
小蘑菇,一十四洲,49,2020,读创 | 北京联合出版公司,平装,流行,耽美
镇魂,Priest,49,2019,贵州人民出版社,平装,流行,耽美
七爷,Priest,49,2019,贵州人民出版社,平装,流行,耽美
六爻,Priest,49,2019,贵州人民出版社,平装,流行,耽美
破云2,淮上,49,2020,江苏凤凰文艺出版社,平装,流行,耽美
天官賜福 一,墨香銅臭,380,2021,平心出版,平装,流行,耽美
我喜歡你的信息素 上,引路星,350,2020,沒譜文化出版社,平装,流行,耽美
梦里花落知多少,引路星,350,2020,北京十月文艺出版社,平装,流行,耽美
哭泣的骆驼,三毛,35,2017,哈尔滨出版社,平装,流行,三毛
雨季不再来,三毛,35,2017,北京十月文艺出版社,平装,流行,三毛
温柔的夜,三毛,35,2017,北京十月文艺出版社,平装,流行,三毛
万水千山走遍,三毛,35,2017,哈尔滨出版社,平装,流行,三毛
亲爱的三毛,三毛,32,2017,北京十月文艺出版社,平装,流行,三毛
稻草人手记,三毛,35,2017,北京十月文艺出版社,平装,流行,三毛
ECHO：永远的三毛,编著,128,2021,北京联合出版公司,平装,流行,三毛
送你一匹马,三毛,22,2011,北京十月文艺出版社,平装,流行,三毛
莲花,三毛,22,2011,作家出版社,平装,流行,三毛
夏摩山谷,庆山,58,2019,江苏凤凰文艺出版社,精装,流行,安妮宝贝
八月未央,庆山,58,2019,作家出版社,精装,流行,安妮宝贝
得未曾有,庆山,58,2019,北京十月文艺出版社,精装,流行,安妮宝贝
素年锦时,庆山,58,2019,作家出版社,精装,流行,安妮宝贝
春宴,庆山,58,2019,湖南文艺出版社,精装,流行,安妮宝贝
告别薇安,安妮宝贝,19,2000,中国社会科学出版社,平装,流行,安妮宝贝
眠空,安妮宝贝,19,2000,北京十月文艺出版社,平装,流行,安妮宝贝
彼岸花,安妮宝贝,19,2000,南海出版公司,平装,流行,安妮宝贝
清醒纪,安妮宝贝,19,2000,天津人民出版社,平装,流行,安妮宝贝
月童度河,庆山,45,2016,北京十月文艺出版社,精装,流行,安妮宝贝
镜湖,庆山,48,2018,北京联合出版公司,平装,流行,安妮宝贝
蔷薇岛屿,庆山,48,2018,作家出版社,平装,流行,安妮宝贝
二三事,庆山,48,2018,南海出版公司,平装,流行,安妮宝贝
且以永日,庆山,48,2018,长江文艺出版社,平装,流行,安妮宝贝
古书之美,韦力,49,2013,新星出版社,精装,流行,安妮宝贝
彼岸花,韦力,49,2013,南海出版公司,精装,流行,安妮宝贝
仍然,韦力,49,2013,中信出版集团,精装,流行,安妮宝贝
七月与安生,庆山,49,2013,天津人民出版社,精装,流行,安妮宝贝
八月未央,庆山,35,2016,北京十月文艺出版社,平装,流行,安妮宝贝
小时代1.0折纸时代,庆山,35,2016,长江文艺出版社,平装,流行,安妮宝贝
悲伤逆流成河,庆山,35,2016,长江文艺出版社,平装,流行,安妮宝贝
幻城,庆山,35,2016,长江文艺出版社,平装,流行,安妮宝贝
小时代2.0虚铜时代,庆山,35,2016,长江文艺出版社,平装,流行,安妮宝贝
夏至未至,庆山,35,2016,长江文艺出版社,平装,流行,安妮宝贝
小时代3.0：刺金时代,庆山,35,2016,长江文艺出版社,平装,流行,安妮宝贝
临界·爵迹 Ⅱ,庆山,35,2016,长江文艺出版社,平装,流行,安妮宝贝
1995-2005夏至未至,庆山,35,2016,春风文艺出版社,平装,流行,安妮宝贝
临界·爵迹 I,庆山,35,2016,长江文艺出版社,平装,流行,安妮宝贝
爱与痛的边缘,庆山,35,2016,东方出版中心,平装,流行,安妮宝贝
岛,郭敬明,20,2004,春风文艺出版社,平装,流行,郭敬明
左手倒影，右手年华。,郭敬明,20,2004,上海译文出版社,平装,流行,郭敬明
爵迹.燃魂书,郭敬明,18,2011,长江文艺出版社,平装,流行,郭敬明
左手倒影.右手年华,郭敬明,20,2007,上海译文出版社,平装,流行,郭敬明
愿风裁尘,郭敬明,20,2007,长江文艺出版社,平装,流行,郭敬明
猜火车,郭敬明,19,2004,南海出版公司,平装,流行,郭敬明
星空,郭敬明,19,2004,大塊文化,平装,流行,郭敬明
向左走·向右走,郭敬明,19,2004,生活·读书·新知三联书店,平装,流行,郭敬明
地下铁,郭敬明,19,2004,辽宁教育出版社,平装,流行,郭敬明
拥抱,郭敬明,19,2004,海豚出版社,平装,流行,郭敬明
月亮忘记了,幾米,32,2010,海豚出版社,平装,流行,幾米
不爱读书不是你的错,幾米,48,2018,九州出版社,平装,流行,幾米
我不是完美小孩,幾米,48,2018,海豚出版社,平装,流行,幾米
月亮忘記了,幾米,48,2018,格林,平装,流行,幾米
微笑的鱼,幾米,48,2018,辽宁教育出版社,平装,流行,幾米
时光电影院,幾米,45,2012,海豚出版社,平装,流行,幾米
我的错都是大人的错,幾米,29,2009,现代出版社,平装,流行,幾米
又寂寞又美好,幾米,29,2009,辽宁教育出版社,平装,流行,幾米
我的心中每天开出一朵花,幾米,29,2009,辽宁教育出版社,平装,流行,幾米
如果我可以许一个愿望,幾米,28,2013,海豚出版社,平装,流行,幾米
我只能为你画一张小卡片,幾米,28,2013,辽宁教育出版社,平装,流行,幾米
忘记亲一下,幾米,28,2013,现代出版社,平装,流行,幾米
我的世界都是你,幾米,28,2013,现代出版社,平装,流行,幾米
头碰头 说说话,幾米,58,2021,花山文艺出版社,精装,流行,幾米
幸运儿,幾米,58,2021,辽宁教育出版社,精装,流行,幾米
新手妈妈的头两年,高木直子,42,2020,新星出版社,平装,流行,高木直子
一個人住第5年,洪俞君,220,2004,大田,平装,流行,高木直子
两个人的头两年,高木直子,38,2018,百花洲文艺出版社,平装,流行,高木直子
一个人住的每一天,高木直子,25,2011,辽宁科学技术出版社,平装,流行,高木直子
肚子饿万岁,高木直子,39,2015,北京联合出版公司,平装,流行,高木直子
一个人住第9年,洪俞君,20,2010,江西科学技术出版社,平装,流行,高木直子
一個人的第一次,常純敏,88,2006,大田,平装,流行,高木直子
一个人去跑步,高木直子,28,2011,译林出版社,平装,流行,高木直子
一個人上東京,常純敏,220,2005,大田出版,平装,流行,高木直子
节日万岁！,高木直子,49,2017,北京联合出版公司,平装,流行,高木直子
一个人的第一次 第一次一个人旅行,陈怡君,45,2007,陕西师范大学出版社,平装,流行,高木直子
一个人的小繁华①,陈怡君,39,2015,北京联合出版公司,平装,流行,高木直子
一个人暖呼呼,高木直子,28,2011,江西科学技术出版社,平装,流行,高木直子
一个人的美食之旅,陈怡君,25,2011,江西科学技术出版社,平装,流行,高木直子
不靠谱的饭菜,高木直子,35,2017,百花洲文艺出版社,平装,流行,高木直子
我和狗狗的16年,高木直子,28,2013,北京联合出版社,平装,流行,高木直子
一个人住第几年？,高木直子,30,2016,百花洲文艺出版社,平装,流行,高木直子
一个人漂泊的日子①,陈怡君,25,2009,当代世界出版社,平装,文化,历史
一个人的幸福手作,黄悦生,28,2014,北京联合出版公司,平装,文化,历史
人类简史,尤瓦尔·赫拉利,68,2014,中信出版社,平装,文化,历史
乡土中国,费孝通,38,2006,上海人民出版社,平装,文化,历史
美食与文明,蕾切尔·劳丹,94,2021,民主与建设出版社,精装,文化,历史
美国生活中的反智主义,理查德·霍夫施塔特,68,2021,译林出版社,平装,文化,历史
娱乐至死,尼尔·波兹曼,38,2015,中信出版集团,精装,文化,历史
回归故里,迪迪埃·埃里蓬,48,2020,上海文化出版社,精装,文化,历史
艺术的故事,范景中,280,2008,广西美术出版社,平装,文化,历史
中国古代文化常识,王力,60,2014,北京联合出版公司,四色平装版,文化,历史
文化失忆,克莱夫·詹姆斯,138,2020,北京日报出版社,精装,文化,历史
枪炮、病菌与钢铁,谢延光,45,2006,上海世纪出版集团,平装,文化,历史
灿烂千阳,谢延光,45,2006,上海人民出版社,平装,文化,历史
历史深处的忧虑,谢延光,45,2006,生活·读书·新知三联书店,平装,文化,历史
饱食穷民,斋藤茂男,45,2020,浙江人民出版社,平装,文化,历史
全球通史,斯塔夫里阿诺斯,168,2012,北京大学出版社,精装,文化,历史
鱼翅与花椒,扶霞·邓洛普,48,2018,上海译文出版社,平装,文化,历史
文化苦旅,余秋雨,38,2014,长江文艺出版社,平装,文化,历史
菊与刀,吕万和,16,1990,商务印书馆,平装,文化,历史
万古江河,许倬云,68,2017,理想国|湖南人民出版社,精装,文化,历史
送你一颗子弹,许倬云,68,2017,上海三联书店,精装,文化,历史
中国工运历史英烈传：陈延年,范晓春,68,2014,中国工人出版社,平装,文化,历史
中国历代政治得失,范晓春,68,2014,生活·读书·新知三联书店,平装,文化,历史
万历十五年,范晓春,68,2014,生活·读书·新知三联书店,平装,文化,历史
下沉年代,乔治·帕克 (George Packer),108,2021,文汇出版社,精装,文化,历史
邓小平时代,傅高义,88,2013,生活·读书·新知三联书店,平装,文化,历史
棉花帝国,斯文·贝克特,118,2019,民主与建设出版社,精装,文化,历史
历史的运用与滥用,玛格丽特·麦克米伦,58,2021,一頁丨广西师范大学出版社,精装,文化,历史
秋园,杨本芬,38,2020,北京联合出版公司,平装,文化,历史
第三帝国的到来,理查德·J. 埃文斯,145,2020,九州出版社,精装,文化,历史
2000年以来的西方,刘擎,98,2021,一頁丨当代世界出版社,平装,文化,历史
叫魂,孔飞力,38,2014,生活·读书·新知三联书店 上海三联书店,平装,文化,历史
切尔诺贝利的午夜,亚当·希金博特姆,78,2021,广西师范大学出版社,平装,文化,历史
成为波伏瓦,凯特·柯克帕特里克,78,2021,中信出版社,平装,文化,传记
我的几何人生,丘成桐,68,2021,译林出版社,精装,文化,传记
一生的旅程,罗伯特·艾格,88,2020,文汇出版社,精装,文化,传记
我们仨,罗伯特·艾格,88,2020,生活·读书·新知三联书店,精装,文化,传记
天生有罪,特雷弗·诺亚,58,2018,未读·北京联合出版公司,平装,文化,传记
人生由我,梅耶·马斯克,59,2020,中信出版集团,平装,文化,传记
史蒂夫·乔布斯传,管延圻,68,2011,中信出版社,平装,文化,传记
毛泽东传,何宇光,58,2010,中国人民大学出版社,平装,文化,传记
知晓我姓名,香奈儿·米勒,59,2020,世纪文景/上海人民出版社,平装,文化,传记
硅谷钢铁侠,周恒星,68,2016,中信出版集团,精装,文化,传记
苏世民：我的经验与教训,苏世民,98,2020,中信出版社,精装,文化,传记
毛姆传,赛琳娜·黑斯廷斯,128,2021,北京日报出版社,精装,文化,传记
维特根斯坦传,赛琳娜·黑斯廷斯,128,2021,浙江大学出版社,精装,文化,传记
别闹了，费曼先生,理查德·费曼,22,1997,生活·读书·新知三联书店,平装,文化,传记
曾国藩传,张宏杰,68,2018,民主与建设出版社,烫金、专色、过油,文化,传记
1984,张宏杰,68,2018,北京十月文艺出版社,烫金、专色、过油,文化,传记
中国历代政治得失,张宏杰,68,2018,生活·读书·新知三联书店,烫金、专色、过油,文化,传记
毛泽东选集 第一卷,毛泽东,40,1991,人民出版社,精装,文化,传记
致命系列,杨恒均,40,1991,開益出版社,精装,文化,政治
动物农场,乔治·奥威尔,22,2010,上海译文出版社,精装,文化,政治
一九八四,乔治·奥威尔,29,2009,上海译文出版社,精装,文化,政治
潜规则（修订版）,吴思,28,2009,复旦大学出版社,平装,文化,政治
父权制与资本主义,上野千鹤子,58,2020,浙江大学出版社,精装,文化,政治
政治学通识,包刚升,49,2015,北京大学出版社,平装,文化,政治
李光耀观天下,李光耀,58,2015,北京大学出版社,平装,文化,政治
动物庄园,乔治·奥威尔,16,2009,上海三联书店,平装,文化,政治
命运：文在寅自传,文在寅,59,2017,江苏凤凰文艺出版社,平装,文化,政治
当代中国政府与政治,景跃进,36,2016,中国人民大学出版社,平装,文化,政治
贝聿铭全集,菲利普·朱迪狄欧,238,2021,北京联合出版公司,精装,文化,政治
认识建筑,罗伯特·麦卡特,198,2020,后浪 | 湖南美术出版社,精装,文化,建筑
建筑的故事,帕特里克·狄龙 著,168,2020,后浪丨北京联合出版公司,精装,文化,建筑
建筑日本,五十岚太郎,69,2021,理想国·广西师范大学出版社,平装,文化,建筑
安藤忠雄,Lens,138,2017,中信出版集团,精装,文化,建筑
城市,马库斯·艾斯尔,328,2021,后浪丨四川美术出版社,精装,文化,建筑
建筑师,大卫·马祖凯利,198,2019,北京联合出版公司,精装,文化,建筑
建筑家安藤忠雄,龙国英,88,2011,中信出版社,精装,文化,建筑
横跨欧洲的快车,欧文·哈瑟利,69,2021,中国社会科学出版社,平装,文化,建筑
穿墙透壁,李乾朗,118,2009,广西师范大学出版社,平装,文化,建筑
造房子,李乾朗,118,2009,浦睿文化/湖南美术出版社,平装,文化,建筑
路易斯·康传,温迪·莱赛,98,2021,湖南人民出版社·浦睿文化,精装,文化,建筑
日本营造之美（第一辑）,宫上茂隆,298,2020,上海人民出版社,裸脊锁线,文化,建筑
设计中的设计,西冈常一,298,2020,山东人民出版社,裸脊锁线,文化,建筑
造一所不抗拒生活的房子,赵扬,98,2021,北京联合出版公司,平装,文化,建筑
东京老铺,乌尔巴诺维斯,68,2019,中信出版集团,平装,文化,建筑
中国建筑史,乌尔巴诺维斯,68,2019,百花文艺出版社,平装,文化,建筑
建筑十书,乌尔巴诺维斯,68,2019,北京大学出版社,平装,文化,建筑
北京的城墙与城门,喜仁龙（Osvald Sirén）,99,2017,北京联合出版公司,布面精装,文化,建筑
平如美棠,杨本芬,38,2020,广西师范大学出版社,平装,文化,回忆录
上学记,何兆武,25,2008,生活·读书·新知三联书店,平装,文化,回忆录
昨日的世界,斯蒂芬·茨威格,32,2004,广西师范大学出版社,平装,文化,回忆录
少年凯歌,斯蒂芬·茨威格,32,2004,人民文学出版社,平装,文化,回忆录
巨流河,斯蒂芬·茨威格,32,2004,生活·读书·新知三联书店,平装,文化,回忆录
上学记,苏世民,98,2020,生活·读书·新知三联书店,精装,文化,回忆录
Educated,Westover,28,2018,Random House,Hardcover,文化,回忆录
活着为了讲述,茨威格,49,2018,南海出版公司,平装,文化,回忆录
乡下人的悲歌,J.D. 万斯,39,2017,江苏凤凰文艺出版社,平装,文化,回忆录
群星灿烂的年代,伊·伊·巴纳耶夫,99,2021,后浪丨江苏凤凰文艺出版社,精装,文化,回忆录
关山夺路,王鼎钧,36,2013,生活·读书·新知三联书店,平装,文化,回忆录
往事与随想,赫尔岑,280,2018,四川人民出版社,精装,文化,回忆录
被淹没和被拯救的,杨晨光,32,2013,三辉图书/上海三联书店,平装,文化,回忆录
对立之美,严伯钧,168,2021,中信出版社,精装,文化,艺术史
美的历程,李泽厚,43,2009,生活·读书·新知三联书店,精装,文化,艺术史
现代艺术150年,威尔·贡培兹,65,2017,广西师范大学出版社,平装,文化,艺术史
现代艺术史,H. H. 阿纳森,460,2020,湖南美术出版社,精装,文化,艺术史
艺术博物馆,英国费顿出版社,1680,2017,后浪丨湖南美术出版社,精装,文化,艺术史
一看就懂的中国艺术史  书画卷一,祝唯庸,88,2021,广西师范大学出版社 | 我思,平装双封,文化,艺术史
为什么你看不懂抽象画？,埃里克·坎德尔,88,2021,后浪丨天津科学技术出版社,精装,文化,艺术史
非主流艺术史,埃里克·坎德尔,88,2021,后浪丨天津科学技术出版社,精装,文化,艺术史
詹森艺术史（插图第7版）,H. W. 詹森,888,2017,湖南美术出版社,精装,文化,艺术史
写给大家的西方美术史,H. W. 詹森,888,2017,湖南美术出版社,精装,文化,艺术史
我心归处是敦煌,口述,68,2019,译林出版社,精装,文化,艺术史
罗马：永恒之城,罗伯特·休斯,118,2021,上海文艺出版社,精装,文化,艺术史
一看就懂的中国艺术史  书画卷二,祝唯庸,88,2021,广西师范大学出版社 | 我思,平装双封,文化,艺术史
观看之道,约翰·伯格,42,2015,广西师范大学出版社,精装,文化,艺术史
一看就懂的中国艺术史  书画卷三,祝唯庸,88,2021,广西师范大学出版社 | 我思,平装双封,文化,艺术史
艺术哲学,丹纳,58,2016,生活·读书·新知三联书店,平装,文化,艺术史
艺术的故事,贡布里希,320,2015,广西美术出版社,精装,文化,艺术史
谁在看中国画,Clunas）,108,2020,广西师范大学出版社,平装,文化,艺术史
如梦之梦,赖声川,69,2019,中信出版集团,精装,文化,艺术史
雷雨,曹禺,9,1999,人民文学出版社,平装,文化,戏剧
茶馆,曹禺,9,1999,人民文学出版社,平装,文化,戏剧
一个无政府主义者的意外死亡,达里奥·福,30,2016,上海译文出版社,精装,文化,戏剧
哈姆莱特,严伯钧,168,2021,人民文学出版社,精装,文化,戏剧
玩偶之家,严伯钧,168,2021,人民文学出版社,精装,文化,戏剧
冬之旅：万方剧本精选集,万方,29,2017,北京出版集团北京十月文艺出版社,精装,文化,戏剧
牡丹亭,汤显祖,14,1963,人民文学出版社,平装,文化,戏剧
哈姆雷特,汤显祖,14,1963,译林出版社,平装,文化,戏剧
主角,陈彦,85,2018,作家出版社,平装,文化,戏剧
等待戈多,萨缪尔·贝克特,36,2016,湖南文艺出版社,精装,文化,戏剧
恋爱的犀牛,萨缪尔·贝克特,36,2016,浦睿文化·湖南文艺出版社,精装,文化,戏剧
麦克白,威廉·莎士比亚,22,2008,大众文艺出版社,其他,文化,戏剧
诗学,威廉·莎士比亚,22,2008,商务印书馆,其他,文化,戏剧
鹿鸣馆,三岛由纪夫,28,2021,一頁folio | 辽宁人民出版社,平装,文化,戏剧
奥狄浦斯王,三岛由纪夫,28,2021,人民文学出版社,平装,文化,戏剧
骂观众,彼得·汉德克,38,2013,上海人民出版社,精装,文化,戏剧
等待戈多,施咸荣,6,2002,人民文学出版社,平装,文化,戏剧
孙子兵法,孙武,20,2006,上海古籍出版社,平装,文化,军事
亮剑,孙武,20,2006,解放军文艺出版社,平装,文化,军事
论持久战,毛泽东,0,1975,人民出版社,平装,文化,军事
苦难辉煌,毛泽东,0,1975,华艺出版社,平装,文化,军事
战争论,安德鲁·兰伯特,79,2005,解放军出版社,平装,文化,军事
海洋与权力,安德鲁·兰伯特,88,2021,湖南文艺出版社,精装,文化,军事
孙子兵法,孙子,18,2011,中华书局,精装,文化,军事
善战者说,宫玉振,78,2020,中信出版社,精装,文化,军事
内战之殇,保罗·普雷斯顿,120,2021,民主与建设出版社,精装,文化,军事
林副主席论战术思想与战斗作风,林彪,120,2021,中国人民解放军战士出版社,精装,文化,军事
阿金库尔战役,朱丽叶·巴克,92,2021,后浪丨汕头大学出版社,精装,文化,军事
南北战争三百年,李硕,59,2018,世纪文景 /上海人民出版社,平装,文化,军事
布局天下,饶胜文,21,2002,解放军出版社,平装,文化,军事
粟裕战争回忆录,粟裕,20,1988,解放军出版社,精装,文化,军事
长征,粟裕,20,1988,人民文学出版社,精装,文化,军事
第二次世界大战战史,钮先钟,75,2009,上海人民出版社,平装,文化,军事
中央帝国的军事密码,郭建龙,78,2019,鹭江出版社,精装,文化,军事
战争改变历史,马克斯·布特,68,2011,上海科学技术文献出版社,平装,文化,军事
三十年战争史,彼得·威尔逊,160,2020,后浪丨九州出版社,精装,文化,军事
燃烧的大洋,伊恩·托尔,98,2020,中信出版集团,精装,文化,军事
中国传统色：色彩通识100讲,郭浩,98,2021,中信出版集团,平装,文化,美术
画家之眼,安德鲁·路米斯,39,2016,北京联合出版公司,平装,文化,美术
理解人体形态,米歇尔·洛里切拉,78,2018,后浪丨湖南美术出版社,空脊平装,文化,美术
如何看懂印象派,米歇尔·洛里切拉,78,2018,新星出版社,空脊平装,文化,美术
局部：我的大学,陈丹青,118,2020,理想国 | 北京日报出版社,精装,文化,美术
局部：伟大的工匠,陈丹青,138,2020,理想国 | 北京日报出版社,精装,文化,美术
众神的样子,江逐浪,78,2020,化学工业出版社,平装,文化,美术
梵高传,史蒂芬·奈菲,128,2015,译林出版社,精装,文化,美术
色彩与光线,詹姆斯·格尔尼,88,2013,人民邮电出版社,平装,文化,美术
世界花纹与图案大典,伊丽莎白 · 威尔海德,298,2020,中国画报出版社,精装,文化,美术
加德纳艺术通史,克莱纳,298,2013,湖南美术出版社,精装,文化,美术
素描的诀窍,蔡强,28,2005,上海人民美术出版社,简裝本,文化,美术
巴尔格素描教程,查尔斯·巴尔格,141,2017,上海人民美术出版社,平装,文化,美术
世界美术名作二十讲,傅雷,68,2017,江苏凤凰文艺出版社,平装,文化,美术
日本文化图典,日本平凡社,68,2021,后浪丨四川人民出版社,平装,文化,美术
胆小别看画 1,中野京子,42,2016,中信出版社,平装,文化,美术
构图的艺术,伊恩·罗伯茨,58,2012,上海人民美术出版社,平装,文化,美术
美术史十议,伊恩·罗伯茨,58,2012,生活·读书·新知三联书店,平装,文化,美术
山茶文具店,小川糸,49,2018,湖南文艺出版社,精装,文化,美术
我们为什么要睡觉？,马修·沃克,60,2021,后浪丨北京联合出版公司,平装,文化,艺术
人间草木,马修·沃克,60,2021,江苏文艺出版社,平装,文化,艺术
人间值得,中村恒子,49,2019,北京日报出版社,精装,文化,艺术
原则,刘波,98,2018,中信出版社,精装,文化,艺术
人生的智慧,阿图尔·叔本华,28,2008,上海人民出版社,平装,文化,艺术
无声告白,伍绮诗,35,2015,江苏凤凰文艺出版社,平装,文化,艺术
断舍离,山下英子,32,2013,广西科学技术出版社,平装,文化,艺术
你想过怎样的一生？,海克·法勒  文,118,2020,后浪｜北京联合出版公司,精装,文化,艺术
遥远的向日葵地,李娟,38,2017,花城出版社,软精装,文化,艺术
在细雨中呼喊,余华,25,2012,作家出版社,平装,文化,艺术
岛上书店,加布瑞埃拉·泽文,35,2015,江苏凤凰文艺出版社,平装,文化,艺术
亲密关系,罗兰·米勒 (Rowland S. Miller),138,2015,人民邮电出版社,精装,文化,艺术
围城,张玲,13,1993,人民文学出版社,平装,文化,艺术
一个陌生女人的来信,斯蒂芬·茨威格,20,2007,上海译文出版社,平装,文化,艺术
爱你就像爱生命,斯蒂芬·茨威格,20,2007,上海锦绣文章出版社,平装,文化,艺术
挪威的森林,钱钟书,39,1991,上海译文出版社,精装,文化,艺术
情书,穆晓芳,18,2004,天津人民出版社,平装,文化,艺术
爱的艺术,李健鸣,15,2008,上海译文出版社,平装,文化,艺术
白色橄榄树,玖月晞,69,2019,百花洲文艺出版社,平装,文化,艺术
与我十年长跑的女友明天要嫁人了,李海波,32,2013,江苏文艺出版社,平装,文化,艺术
会饮篇,王太庆,12,2013,商务印书馆,平装,文化,艺术
失落的卫星,刘子超,69,2020,文汇出版社,精装,文化,艺术
重走,杨潇,98,2021,上海文艺出版社,平装,文化,艺术
在中国大地上,保罗·索鲁,68,2020,后浪丨九州出版社,平装,文化,艺术
森林、冰河与鲸,星野道夫,52,2021,广西师范大学出版社,平装,文化,艺术
寻路中国,李雪顺,33,2011,上海译文出版社,平装,文化,艺术
一个人的朝圣,蕾秋·乔伊斯,32,2013,北京联合出版公司,平装,文化,艺术
旅行之木,星野道夫,42,2021,广西师范大学出版社,平装,文化,艺术
永恒的时光之旅,游韵馨,79,2016,广西师范大学出版社,平装,文化,艺术
在路上,王永年,28,2006,上海译文出版社,平装,文化,艺术
走过兴都库什山,埃里克·纽比,50,2021,商务印书馆,平装,文化,艺术
旅行的艺术,阿兰·德波顿,28,2012,上海译文出版社,精装,文化,艺术
天真的人类学家,何颖怡,35,2011,广西师范大学出版社,平装,文化,艺术
中国铁道风景线,罗春晓,68,2015,中国铁道出版社,平装,文化,艺术
阿勒泰的角落,罗春晓,68,2015,万卷出版公司,平装,文化,艺术
乖，摸摸头,大冰,36,2014,湖南文艺出版社,平装,文化,艺术
纵身入山海,库索,79,2020,中信出版集团,平装,文化,艺术
论摄影,游韵馨,79,2016,上海译文出版社,平装,文化,艺术
阴翳礼赞,谷崎润一郎,78,2021,浦睿文化 · 湖南美术出版社,平装,文化,艺术
摄影构图学,本·克来门茨,25,1983,长城出版社,平装,文化,艺术
这里是中国,星球研究所,168,2019,中信出版集团,平装,文化,艺术
美国纽约摄影学院摄影教材（上）,美国纽约摄影学院,90,2000,中国摄影出版社,平装,文化,艺术
读,玛格南图片社,68,2015,新星出版社,精装,文化,艺术
摄影的艺术,Barnbaum,118,2012,人民邮电出版社,平装,文化,艺术
火车上的中国人,王福春,160,2017,后浪丨北京联合出版公司,精装,文化,艺术
一本摄影书,赵嘉,98,2012,电子工业出版社,平装,文化,艺术
美国纽约摄影学院摄影教材（上册）,美国纽约摄影学院,98,2010,中国摄影出版社,平装,文化,艺术
摄影师手册,大卫·赫恩,36,2019,新星出版社,平装,文化,艺术
再见，西贡,雷蒙·德帕尔东,168,2021,后浪丨九州出版社,平装,文化,艺术
骨骼之美,汤泽英治 摄,258,2021,后浪丨北京联合出版公司,精装,文化,艺术
你好小朋友复刻版,秋山亮二,390,2019,青艸堂株式会社,软布面精装+护封,文化,艺术
为什么，是植物图鉴,中平卓马,39,2021,理想国|广西师范大学出版社,平装,文化,艺术
我与这个世界的距离,薇薇安·迈尔,88,2017,九州出版社,平装,文化,艺术
当下的力量,曹植,24,2007,中信出版社,平装,文化,艺术
时空之外,赛斯,24,2007,法尔出版社,平装,文化,艺术
当下的力量（珍藏版）,曹植,32,2013,中信出版社,精装,文化,艺术
遇见未知的自己,曹植,32,2013,华夏出版社,精装,文化,艺术
与神对话,曹植,32,2013,江西人民出版社,精装,文化,艺术
次第花开,希阿荣博堪布,39,2017,海南出版社,平装,文化,艺术
臣服实验,辛格,45,2019,南京大学出版社,平装,文化,艺术
新世界,辛格,45,2019,南方出版社,平装,文化,艺术
秘密,谢明宪,32,2008,中国城市出版社,精装,文化,艺术
生命之书,谢明宪,32,2008,译林出版社,精装,文化,艺术
内在的天空,斯蒂芬·福裡斯特（Steven Forrest）,42,2012,云南人民出版社,平装,文化,艺术
脈輪全書,朱迪斯,42,2012,積木文化股份有限公司,平装,文化,艺术
零极限,乔·维泰利,29,2009,华夏出版社,平装,文化,艺术
一个瑜伽行者的自传,帕拉宏撒?尤迦南达,49,2012,新世界出版社·阳光博客,平装,文化,艺术
能断金刚,麦克尔·罗奇格西,39,2013,江西人民出版社,平装,文化,艺术
新世界：灵性的觉醒（精装修订本）,艾克哈特·托尔,58,2016,四川文艺出版社,精装,文化,艺术
恩宠与勇气：超越死亡,威尔伯,45,2013,生活·读书·新知三联书店,平装,文化,艺术
奇迹课程,海伦·舒曼,199,2011,云南人民出版社,精装,文化,艺术
亲密关系（第5版）,罗兰·米勒,68,2011,人民邮电出版社,平装,生活,爱情
幸福关系的7段旅程,安德鲁·G·马歇尔,59,2021,中信出版社,平装,生活,爱情
如何让你爱的人爱上你,毛燕鸿,38,2011,新世界出版社,平装,生活,爱情
爱的博弈,约翰·戈特曼,49,2014,浙江人民出版社,平装,生活,爱情
李银河说爱情,李银河,45,2019,北京十月文艺出版社,平装,生活,爱情
失乐园,渡边淳一,39,2014,北京联合出版公司,精装,生活,爱情
亲密关系：通往灵魂的桥梁,克里斯多福·孟,35,2015,湖南文艺出版社,平装,生活,爱情
好的婚姻，要守护财产和爱,吴杰臻,49,2019,北京联合出版有限公司,平装,生活,爱情
危险关系,埃丝特·佩瑞尔,49,2020,上海社会科学院出版社|青豆书坊,平装,生活,爱情
完美伴侣,德永,26,2009,重庆出版社,平装,生活,爱情
11个男人对心理师说,布兰迪·恩格勒(Brandy Engler),59,2021,人民邮电出版社,平装,生活,爱情
男人这东西,渡边淳一,24,2004,文化艺术出版社,平装,生活,爱情
欲望的演化,谭黎,59,2011,中国人民大学出版社,平装,生活,爱情
亲密陷阱,埃丝特·佩瑞尔,46,2019,上海社会科学院出版社|青豆书坊,平装,生活,爱情
男性的衰落,格雷森·佩里,59,2020,湖南文艺出版社,精装,生活,爱情
性学三论,徐胤,32,2015,浙江文艺出版社,平装,生活,爱情
男人来自火星 女人来自金星,于海生,28,2005,吉林文史出版社,平装,生活,爱情
失乐园,渡边淳一,45,2018,青岛出版社,平装,生活,爱情
幸福的婚姻,约翰·戈特曼,49,2014,浙江人民出版社,平装,生活,爱情
我将心丢在喜玛拉雅,孙佳,35,2010,重庆大学出版社,平装彩印,生活,旅行
出国自助游教室,孙佳,35,2010,机械工业出版社,平装彩印,生活,旅行
好客山东导游词,孙佳,35,2010,机械工业出版社,平装彩印,生活,旅行
印度七城行记,孙佳,36,2014,重庆大学出版社,平装,生活,旅行
东京文艺地图,增山香,38,2018,文治图书·中国友谊出版公司,平装,生活,旅行
自行车骑行宝典,谢正宽,35,2012,轻工业出版社,平装,生活,旅行
开始在新加坡自助旅行,王之义,32,2008,旅游教育出版社,平装,生活,旅行
老火车的时光慢游,王之义,32,2008,机械工业出版社,平装,生活,旅行
中国自助游,编著,45,2014,光明日报出版社,平装,生活,旅行
事实,汉斯·罗斯林,99,2019,文汇出版社,精装,经管,经济学
创业维艰,本·霍洛维茨,49,2015,中信出版社,平装,经管,经济学
从0到1,彼得·蒂尔,45,2015,中信出版社,精装,经管,经济学
经济学原理(第7版),曼昆,128,2015,北京大学出版社,平装,经管,经济学
商业模式新生代,亚历山大·奥斯特瓦德,88,2011,机械工业出版社,平装,经管,经济学
基业长青,杰里·波勒斯,42,2009,中信出版社,平装,经管,经济学
茑屋经营哲学,增田宗昭,68,2018,中信出版社,平装,经管,经济学
只有偏执狂才能生存,安迪·格鲁夫,36,2013,中信出版社,精装,经管,经济学
重新定义公司,靳婷婷,49,2015,中信出版社,精装,经管,经济学
成就员工,沈东军,69,2021,机械工业出版社,精装,经管,经济学
MBA教不了的创富课,沈东军,69,2021,当代中国出版社,精装,经管,经济学
好战略，坏战略,理查德·鲁梅尔特,69,2021,中信出版社,精装,经管,经济学
营销管理（第15版）,科特勒,118,2016,格致出版社,平装,经管,经济学
心法,曹岫云,26,2014,东方出版社,平装,经管,经济学
街头生意经,博林翰,26,2014,中信出版社,平装,经管,经济学
战略历程,兰佩尔,59,2012,机械工业出版社,平装,经管,经济学
創意電力公司：我如何打造皮克斯動畫,Catmull,350,2015,遠流出版公司,平装,经管,经济学
采购与供应链管理（第3版）,刘宝红,89,2019,机械工业出版社,平装,经管,经济学
激情经济,亚当·戴维森,58,2021,文汇出版社,平装,经管,经济学
管理的实践,亚当·戴维森,58,2021,机械工业出版社,平装,经管,经济学
贫穷的本质,Banerjee,58,2013,中信出版社,精装,经管,经济学
资本论,马克思,240,2018,人民出版社,精装,经管,经济学
薛兆丰经济学讲义,薛兆丰,68,2018,中信出版社,平装,经管,经济学
分析与思考,黄奇帆,98,2020,上海人民出版社,平装,经管,经济学
经济学原理,梁小民,54,2009,北京大学出版社,平装,经管,经济学
思考，快与慢,胡晓姣,69,2012,中信出版社,精装,经管,经济学
小岛经济学,彼得·希夫,48,2017,中信出版集团股份有限公司,平装,经管,经济学
结构性改革,黄奇帆,88,2020,中信出版社,平装,经管,经济学
国富论,唐日松,69,2005,华夏出版社,平装16开,经管,经济学
激荡三十年,唐日松,69,2005,中信出版社,平装16开,经管,经济学
大国大城,陆铭,42,2016,上海人民出版社,平装,经管,经济学
全球化与国家竞争,温铁军,78,2020,东方出版社,平装,经管,经济学
通往奴役之路,哈耶克,16,1997,中国社会科学出版社,精装,经管,经济学
八次危机,温铁军,55,2013,东方出版社,平装,经管,经济学
经济学的思维方式,托马斯·索维尔,88,2018,四川人民出版社,平装,经管,经济学
经济学原理（上下）,梁小民,88,2003,机械工业出版社,平装,经管,经济学
一切皆契约,聂辉华,68,2021,上海三联书店,精装,经管,经济学
穷查理宝典,刘波,98,2018,上海人民出版社,精装,经管,经济学
聪明的投资者,本杰明·格雷厄姆,88,2010,人民邮电出版社,精装,经管,经济学
文明、现代化、价值投资与中国,李录,128,2020,中信出版集团,精装,经管,经济学
伟大的博弈,祁斌,39,2005,中信出版社,平装,经管,经济学
反脆弱,纳西姆·尼古拉斯·塔勒布,68,2014,中信出版社,精装,经管,金融
巴菲特致股东的信（原书第4版）,沃伦·巴菲特,99,2018,机械工业出版社,精装,经管,金融
机构投资的创新之路,大卫·F·史文森,58,2010,中国人民大学出版社,平装,经管,金融
投资最重要的事,霍华德·马克斯 Howard Marks,58,2012,中信出版社,精装,经管,金融
债务危机,瑞·达利欧,98,2019,中信出版社,精装,经管,金融
天下货币—美元霸权的突破与终结,黄奇帆,88,2020,中信出版社,平装,经管,金融
投资中最简单的事,黄奇帆,88,2020,中国人民大学出版社,平装,经管,金融
证券分析,本杰明·格雷厄姆,129,2013,中国人民大学出版社,平装,经管,金融
一本书读懂财报,肖星,35,2014,浙江大学出版社,平装,经管,金融
巴芒演义,唐朝,69,2020,中国经济出版社,精装,经管,金融
黑天鹅,纳西姆·尼古拉斯·塔勒布,49,2011,中信出版社,平装,经管,创业
穿越寒冬,史蒂文·霍夫曼,54,2009,中信出版社,平装,经管,创业
不拘一格,里德·哈斯廷斯,69,2021,中信出版社,平装,经管,创业
精益创业,吴彤,49,2012,中信出版社,精装,经管,创业
一往无前,范海涛,78,2020,中信出版集团,平装,经管,创业
创新者的窘境,胡建桥,78,2020,中信出版社,平装,经管,创业
黑客与画家,阮一峰,49,2011,人民邮电出版社,平装,经管,创业
四步创业法,Steven Gary Blank,48,2012,华中科技大学出版社,平装,经管,创业
硅谷之火,迈克尔·斯韦因,99,2019,人民邮电出版社,平装,经管,创业
复盘网飞,马克·伦道夫,69,2020,中信出版集团,平装,经管,创业
零售的哲学,铃木敏文,36,2014,江苏文艺出版社,平装,经管,创业
我曾走在崩溃的边缘,俞敏洪,68,2019,中信出版集团,精装,经管,创业
街头生意经,博林翰,68,2019,中信出版社,精装,经管,创业
低风险创业,樊登,68,2019,人民邮电出版社,平装,经管,创业
鞋狗,菲尔·奈特,89,2016,北京联合出版公司,精装,经管,创业
重来,贾森·弗里德,36,2010,中信出版社,平装,经管,创业
腾讯传,吴晓波,58,2017,浙江大学出版社,平装,经管,创业
传神文案,空手,79,2021,机械工业出版社,平装,经管,策划
疯传,乔纳·伯杰,48,2014,电子工业出版社,平装,经管,策划
你的顾客需要一个好故事,唐纳德.米勒,68,2018,中国人民大学出版社,精装,经管,策划
流量池,杨飞,68,2018,中信出版集团,精装,经管,策划
活动策划完全手册,杨飞,68,2018,旅游教育出版社,精装,经管,策划
广告文案,杨飞,68,2018,中信出版社,精装,经管,策划
创意,詹姆斯·韦伯·扬,68,2018,中国海关出版社,精装,经管,策划
冲突,叶茂中,108,2017,机械工业出版社,精装,经管,策划
離開後留下的東西,金璽別,300,2016,商周出版,平装,经管,策划
转身看策划,叶茂中,300,2016,中华工商联合出版社,平装,经管,策划
蔚蓝诡计,乔治·路易斯,15,1996,海南出版社,平装,经管,策划
选题策划,杰夫·赫曼,28,2005,河北教育出版社,平装,经管,策划
编辑力,陈宝莲,28,2005,中国人民大学出版社,平装,经管,策划
创意笔记本4,高桥宣行,32,2014,中信出版股份有限公司,平装,经管,策划
创意之道,Crompton,32,2014,英国设计与艺术指导协会,大16开平装,经管,策划
广告与营销策划,威廉·阿伦斯,32,2014,人民邮电出版社,大16开平装,经管,策划
文案发烧,路克·苏立文,39,2004,中国财政经济出版社,平装(无盘),经管,策划
深度粉销：高转化、高复购的用户运营黄金法则,丁丁,59,2018,人民邮电出版社,平装,经管,策划
重整河山,王志纲工作室,59,2018,北京大学出版社,平装,经管,策划
国际4A广告公司媒介策划基础,朱海松,59,2018,广东经济出版社,平装,经管,策划
能量与文明,瓦茨拉夫·斯米尔,110,2021,后浪丨九州出版社,精装,科技,科普
吴军数学通识讲义,吴军,99,2021,新星出版社,精装,科技,科普
浪潮之巅（第四版）（上下册）,吴军,139,2019,人民邮电出版社,平装,科技,科普
坏血,Carreyrou,49,2019,北京联合出版公司,平装,科技,科普
解密 Instagram,莎拉·弗莱尔,69,2020,中信出版社,平装,科技,科普
信息传,吴军,99,2020,中信出版社,精装,科技,科普
全球科技通史,吴军,88,2019,中信出版集团,精装,科技,科普
智能时代,吴军,88,2019,中信出版集团,精装,科技,科普
必然,凯文·凯利,58,2016,译言·东西文库／电子工业出版社,平装,科技,科普
迷人的材料,马克·米奥多尼克,49,2015,未读·探索家·北京联合出版公司,平装,科技,科普
文明之光,马克·米奥多尼克,49,2015,人民邮电出版社,平装,科技,科普
刷新,萨提亚·纳德拉,58,2018,中信出版集团,精装,科技,科普
信息简史,高博,69,2013,人民邮电出版社,平装,科技,科普
创新者,沃尔特·艾萨克森,88,2017,中信出版社,精装,科技,科普
离线·共生,李婷,68,2021,电子工业出版社,平装,科技,科普
技术的本质,Arthur,62,2014,浙江人民出版社,平装,科技,科普
科技想要什么,熊祥,58,2011,中信出版社,平装,科技,科普
时间的秩序,卡洛·罗韦利,56,2019,湖南科学技术出版社,精装,科技,科普
上帝掷骰子吗,卡洛·罗韦利,56,2019,辽宁教育出版社,精装,科技,科普
人体简史,比尔·布莱森,69,2020,文汇出版社,平装,科技,科普
肠子的小心思,朱莉娅·恩德斯,38,2016,江苏凤凰科学技术出版社,平装,科技,科普
哥德尔、艾舍尔、巴赫,严勇,88,1997,商务印书馆,精装,科技,科普
从一到无穷大,暴永宁,29,2002,科学出版社,平装,科技,科普
鳗鱼的旅行,帕特里克·斯文松,58,2020,湖南文艺出版社&博集天卷,精装,科技,科普
最好的告别,彭小华,54,2015,浙江人民出版社,平装,科技,科普
众病之王,悉达多·穆克吉,42,2013,中信出版社,平装,科技,科普
气候经济与人类未来,比尔·盖茨,68,2021,中信出版集团,平装,科技,科普
哲学家们都干了些什么,林欣浩,52,2015,北京联合出版公司,平装,科技,科普
惊呆了！原来这就是社会学,田中正人,59,2021,南海出版公司,平装,科技,科普
自私的基因,卢允中,68,2012,中信出版社,精装,科技,科普
时间简史,许明贤,45,2010,湖南科学技术出版社,平装,科技,科普
云彩收集者手册,加文·普雷特-平尼,45,2018,译林出版社,精装,科技,科普
平面国,埃德温·A·艾勃特,39,2020,上海文化出版社,平装,科技,科普
About Face 4~ 交互设计精髓,艾伦·库伯,118,2015,电子工出版社,平装,科技,交互设计
简约至上,李松峰,35,2011,人民邮电出版社,平装,科技,交互设计
设计心理学,唐纳德·A·诺曼,168,2015,中信出版社,平装,科技,交互设计
用户体验要素,范晓燕,39,2011,机械工业出版社,平装,科技,交互设计
启示录,七印部落,36,2011,华中科技大学出版社,平装,科技,交互设计
交互设计：原理与方法,顾振宇,88,2016,清华大学出版社,平装,科技,交互设计
点石成金,De Dream,39,2006,机械工业出版社,平装,科技,交互设计
认知与设计,Jeff Johnson,69,2014,人民邮电出版社,平装,科技,交互设计
破茧成蝶,刘津,69,2014,人民邮电出版社,平装,科技,交互设计
Don't Make Me Think,Steve Krug,35,18,New Riders Press,Paperback,科技,交互设计
设计心理学1,唐纳德·A·诺曼,42,2015,中信出版社,平装,科技,交互设计
交互设计沉思录,方舟,49,2012,机械工业出版社华章公司,平装,科技,交互设计
界面设计模式（第2版）,泰德维尔,119,2013,电子工业出版社,平装,科技,交互设计
用户体验的要素,Jesse James Garrett,25,2007,机械工业出版社,平装,科技,交互设计
关键设计报告,比尔·莫格里奇,25,2007,中信出版社,平装,科技,交互设计
为真实的世界设计,维克多·帕帕奈克,88,2012,中信出版社,精装,科技,交互设计
About Face 3 交互设计精髓,Alan Cooper,72,2008,电子工业出版社,16开,科技,交互设计
设计师要懂心理学,徐佳,49,2013,人民邮电出版社,平装,科技,交互设计
行为设计学(打造峰值体验)(精),奇普·希思,49,2013,中信出版社,平装,科技,交互设计
Head First HTML与CSS（第2版）,Robson,98,2013,中国电力出版社,平装,科技,web
JavaScript DOM编程艺术 （第2版）,Jeremy Keith,49,2011,人民邮电出版社,平装,科技,web
深入浅出Node.js,朴灵,69,2013,人民邮电出版社,平装,科技,web
你不知道的JavaScript（上卷）,Kyle Simpson,49,2015,人民邮电出版社,平装,科技,web
Flask Web开发实战,李辉,129,2018,机械工业出版社,平装,科技,web
Web表单设计,卢颐,49,2010,清华大学出版社,平装,科技,web
互联网创业核心技术：构建可伸缩的web应用,Artur Ejsmont,89,2016,电子工业出版社,平装,科技,web
深入分析Java Web技术内幕（修订版）,许令波,79,2014,电子工业出版社,平装,科技,web
Web信息架构(第3版),Peter Morville,79,2014,电子工业出版社,平装,科技,web
写给大家看的设计书（第3版）,苏金国,49,2009,人民邮电出版社,平装,科技,web
CSS权威指南（第三版）,Eric A.Meyer,58,2007,中国电力出版社,平装,科技,web
信息架构,路易斯·罗森菲尔德,128,2016,电子工业出版社,平装,科技,web
深入浅出Vue.js,刘博文,79,2019,人民邮电出版社,平装,科技,web
认知盈余,胡泳,49,2011,中国人民大学出版社,平装,科技,web
Web性能权威指南,Ilya Grigorik,69,2013,人民邮电出版社,平装,科技,web
CSS揭秘,Lea Verou,99,2016,人民邮电出版社,平装,科技,web
图解HTTP,上野宣,49,2014,人民邮电出版社,平装,科技,web
未来是湿的,胡泳,39,2009,中国人民大学出版社,平装,科技,神经网络
大型网站性能优化实战,周涛明,79,2019,电子工业出版社,平装,科技,神经网络
神经网络与深度学习,邱锡鹏,149,2020,机械工业出版社,平装,科技,神经网络
Python神经网络编程,塔里克·拉希德,69,2018,人民邮电出版社,平装,科技,神经网络
深度学习入门,斋藤康毅,59,2018,人民邮电出版社,平装,科技,神经网络
Python深度学习,弗朗索瓦·肖莱,119,2018,人民邮电出版社,平装,科技,神经网络
机器学习实战（原书第2版）,Aurélien Géron,149,2020,机械工业出版社,平装,科技,神经网络
智慧的疆界,周志明,56,2018,机械工业出版社,平装,科技,神经网络
连接组：造就独一无二的你,承现峻,45,2016,清华大学出版社,平装,科技,神经网络
深度学习的数学,涌井良幸,69,2019,人民邮电出版社,平装,科技,神经网络
神经网络设计,Martin T. Hagan,49,2007,机械工业出版社,简裝本,科技,神经网络
意识的宇宙,杰拉尔德·埃德尔曼,27,2004,上海科学技术出版社,平装,科技,神经网络
Hands-On Machine Learning with Scikit-Learn and TensorFlow,Aurélien Géron,49,2017,O'Reilly Media,Paperback,科技,神经网络
Neural Networks for Pattern Recognition,Christopher M. Bishop,105,1996,Oxford University Press,Paperback,科技,神经网络
Neural Networks and Deep Learning,Christopher M. Bishop,105,1996,Oxford University Press,Paperback,科技,神经网络
Neural Networks and Learning Machines,Haykin,252,2008,Pearson,Hardcover,科技,神经网络
神经网络设计（原书第2版）,Hagan,99,2017,机械工业出版社,平装,科技,神经网络
神经网络与机器学习,海金,99,2017,机械工业出版社,平装,科技,神经网络
白话机器学习的数学,立石贤吾,59,2020,人民邮电出版社,平装,科技,神经网络
混沌系统的模糊神经网络控制理论与方法,立石贤吾,59,2020,人民邮电出版社,平装,科技,神经网络
神经网络与机器学习（原书第3版）,Simon Haykin,79,2011,机械工业出版社,平装,科技,神经网络
The Computational Brain,Patricia Churchland,87,1992,The MIT Press,Hardcover,科技,神经网络
